{
    "money": 0.8465617797149163,
    "count": 406,
    "click_power": 0.03687875379522287,
    "passive_income": 0.03462288826689833,
    "upgrade_level": 3,
    "upgrade_level_passive": 4,
    "upgrade_cost": 2.5919999999999996,
    "upgrade_cost_passive": 1.2667201199999996,
    "total_money": 9.997419779714859
}