{
    "money": 77.771364408509,
    "count": 1370,
    "click_power": 1.5929890343841524,
    "passive_income": 0.4408183516085128,
    "upgrade_level": 18,
    "upgrade_level_passive": 13,
    "upgrade_cost": 39.934999921327844,
    "upgrade_cost_passive": 4.119308620953353,
    "total_money": 294.0128541648147,
    "prestige_level": 0,
    "prestige_cost": 1000.0,
    "gems": 8.125,
    "tokens": 47.5,
    "gem_upgrade_cost": 75.9375,
    "token_upgrade_cost": 33.75,
    "gem_upgrade_level": 5,
    "token_upgrade_level": 3,
    "total_gems": 92.0,
    "total_tokens": 79.0,
    "mystery_multiplier": 1.0,
    "last_save_time": 1775866957.4232082
}