{
    "money": 51.331868390604384,
    "count": 1357,
    "click_power": 1.5929890343841524,
    "passive_income": 0.4408183516085128,
    "upgrade_level": 18,
    "upgrade_level_passive": 13,
    "upgrade_cost": 39.934999921327844,
    "upgrade_cost_passive": 4.119308620953353,
    "total_money": 267.5733581469096,
    "prestige_level": 0,
    "prestige_cost": 1000.0,
    "gems": 5.125,
    "tokens": 35.5,
    "gem_upgrade_cost": 75.9375,
    "token_upgrade_cost": 33.75,
    "gem_upgrade_level": 5,
    "token_upgrade_level": 3,
    "total_gems": 89.0,
    "total_tokens": 67.0
}