{
    "money": 1.3595584412271593,
    "count": 239,
    "click_power": 0.01,
    "passive_income": 0.012071067811865475,
    "upgrade_level": 0,
    "upgrade_level_passive": 2,
    "upgrade_cost": 1.5,
    "upgrade_cost_passive": 0.9746999999999999
}